{
  "minecraft:recipes/redstone/noteblock": {
    "criteria": {
      "has_redstone": "2019-06-27 16:37:19 -0500"
    },
    "done": true
  },
  "minecraft:recipes/tools/clock": {
    "criteria": {
      "has_redstone": "2019-06-27 16:37:19 -0500"
    },
    "done": true
  },
  "minecraft:recipes/building_blocks/stone_brick_slab": {
    "criteria": {
      "has_stonebrick": "2019-06-27 16:28:52 -0500"
    },
    "done": true
  },
  "minecraft:recipes/redstone/redstone_torch": {
    "criteria": {
      "has_redstone": "2019-06-27 16:37:19 -0500"
    },
    "done": true
  },
  "minecraft:recipes/tools/compass": {
    "criteria": {
      "has_redstone": "2019-06-27 16:37:19 -0500"
    },
    "done": true
  },
  "minecraft:recipes/decorations/chest": {
    "criteria": {
      "has_lots_of_items": "2019-06-27 16:43:38 -0500"
    },
    "done": true
  },
  "minecraft:recipes/redstone/dropper": {
    "criteria": {
      "has_redstone": "2019-06-27 16:37:19 -0500"
    },
    "done": true
  },
  "nuclearcraft:root": {
    "criteria": {
      "location": "2019-06-27 16:27:02 -0500"
    },
    "done": true
  },
  "enderio:root": {
    "criteria": {
      "location": "2019-06-27 16:27:02 -0500"
    },
    "done": true
  },
  "minecraft:recipes/redstone/piston": {
    "criteria": {
      "has_redstone": "2019-06-27 16:37:19 -0500"
    },
    "done": true
  },
  "minecraft:recipes/building_blocks/chiseled_stonebrick": {
    "criteria": {
      "has_stonebrick": "2019-06-27 16:28:52 -0500"
    },
    "done": true
  },
  "minecraft:recipes/building_blocks/stone_brick_stairs": {
    "criteria": {
      "has_stonebrick": "2019-06-27 16:28:52 -0500"
    },
    "done": true
  },
  "minecraft:adventure/adventuring_time": {
    "criteria": {
      "plains": "2019-06-27 16:27:02 -0500"
    },
    "done": false
  }
}